PubID,Name,Company_Name,Address,City,State,Zip,Telephone,Fax,Comments,SSMA_TimeStamp
1,SAMS,SAMS,11711 N. College Ave., Ste 140,Carmel,IN,46032,,,,System.Byte[]
2,PRENTICE HALL,PRENTICE HALL,15 Columbus Cir.,New York,NY,10023,800-922-0579,,,System.Byte[]
3,M & T,M & T BOOKS,,,,,,,,System.Byte[]
4,MIT,MIT PR,,,,,,,,System.Byte[]
5,MACMILLAN COMPUTER,MACMILLAN COMPUTER PUB,11 W. 42nd St., 3rd flr.,New York,NY,10036,212-869-7440,,,System.Byte[]
6,HIGHTEXT PUBNS,HIGHTEXT PUBNS,,,,,,,,System.Byte[]
7,SPRINGER VERLAG,SPRINGER VERLAG,,,,,,,,System.Byte[]
8,O'REILLY & ASSOC,O'REILLY & ASSOC,90 Sherman St.,Cambridge,MA,02140,,,,System.Byte[]
9,ADDISON-WESLEY,ADDISON-WESLEY PUB CO,Rte 128,Reading,MA,01867,617-944-3700,617-964-9460,,System.Byte[]
10,JOHN WILEY & SONS,JOHN WILEY & SONS,605 Third Ave,New York,NY,10158,212-850-6000,212-850-6088 ,DATABASES MICROCOMPUTER SOFTWARE PAPERBACK BOOKS - TRADE TEXTBOOKS - COLLEGE DICTIONARIES, ENCYCLOPEDIAS PERIODICALS 
PROFESSIONAL BOOKS 
SCIENCE (GENERAL) 
BUSINESS 
SOCIAL SCIENCES AND SOCIOLOGY 
COMPUTER SCIENCE, DATA PROCESSING 
ENGINEERING (GENERAL),System.Byte[]
11,SINGULAR,SINGULAR PUB GROUP,,,,,,,,System.Byte[]
12,Duke Press,Duke Press,,,,,,,,System.Byte[]
13,Oxford University,Oxford University Press,,,,,,,,System.Byte[]
14,Mit Press,Mit Press,,,,,,,,System.Byte[]
15,CAMBRIDGE UNIV,CAMBRIDGE UNIV PR,,,,,,,,System.Byte[]
16,Q E D,Q E D PUB CO,,,,,,,,System.Byte[]
17,Cambridge University,Cambridge University Press,,,,,,,,System.Byte[]
18,WORLD SCIENTIFIC,WORLD SCIENTIFIC PUB CO,,,,,,,,System.Byte[]
19,IDG,IDG BOOKS WORLDWIDE,,,,,,,,System.Byte[]
20,GOWER PUB,GOWER PUB CO,,,,,,,,System.Byte[]
21,John Wiley,John Wiley,605 Third Ave,New York,NY,10158,212-850-6000,212-850-6088 ,DATABASES MICROCOMPUTER SOFTWARE PAPERBACK BOOKS - TRADE TEXTBOOKS - COLLEGE DICTIONARIES, ENCYCLOPEDIAS PERIODICALS 
PROFESSIONAL BOOKS 
SCIENCE (GENERAL) 
BUSINESS 
SOCIAL SCIENCES AND SOCIOLOGY 
COMPUTER SCIENCE, DATA PROCESSING 
ENGINEERING (GENERAL),System.Byte[]
22,MCGRAW HILL TEXT,MCGRAW HILL TEXT,,,,,,,,System.Byte[]
23,ZIFF DAVIS,ZIFF DAVIS,,,,,,,,System.Byte[]
24,ORACLE PR,ORACLE PR,,,,,,,,System.Byte[]
25,CORIOLIS GROUP,CORIOLIS GROUP,,,,,,,,System.Byte[]
26,Prentice-Hall,Prentice-Hall,,,,,,,,System.Byte[]
27,South-Western Educational,South-Western Educational,P.O. Box 64256, 50 W. Kellogg Blvd.,St. Paul,MN,55164-0526,,,,System.Byte[]
28,INTL THOMSON COMPUTER PR(SHRT DISC),INTL THOMSON COMPUTER PR(SHRT DISC),,,,,,,,System.Byte[]
29,PRENTICE HALL,PRENTICE HALL COMPUTER BOOKS,15 Columbus Cir.,New York,NY,10023,800-922-0579,,,System.Byte[]
30,MARCEL DEKKER,MARCEL DEKKER,,,,,,,,System.Byte[]
31,DUKE COMMUNICATIONS,DUKE COMMUNICATIONS,,,,,,,,System.Byte[]
32,INST OF ELECTRICAL &,INST OF ELECTRICAL &,,,,,,,,System.Byte[]
33,Ziegler, Jurgen,Ziegler, Jurgen,,,,,,,,System.Byte[]
34,McGraw-Hill,McGraw-Hill,1221 Ave of the Americas,New York,NY,10020,800-822-8138,,,System.Byte[]
35,Kluwer Academic,Kluwer Academic,,,,,,,,System.Byte[]
36,West,West Pub Co,P.O. Box 64256, 50 W. Kellogg Blvd.,St. Paul,MN,55164-0526,,,,System.Byte[]
37,Kluwer,Kluwer,,,,,,,,System.Byte[]
38,Boyd & Fraser,Boyd & Fraser Pub Co,20 Park Place., Suite 1405,Boston,MA,02116,617-426-2292,,,System.Byte[]
39,NEAL SCHUMAN,NEAL SCHUMAN PUB,,,,,,,,System.Byte[]
40,MICROSOFT,MICROSOFT PR,,,,,,,,System.Byte[]
41,OXFORD UNIV,OXFORD UNIV PR,,,,,,,,System.Byte[]
42,WROX,WROX PR INC,,,,,,,,System.Byte[]
43,WAITE GROUP,WAITE GROUP PR,,,,,,,,System.Byte[]
44,AP PROFESSIONAL,AP PROFESSIONAL,,,,,,,,System.Byte[]
45,QUE CORP,QUE CORP,11711 N College Ave, Suite 140,Carmel,IN,46032,,,,System.Byte[]
46,WADSWORTH,WADSWORTH PUB CO,10 Davis Dr.,Belmont,CA,94002,,,,System.Byte[]
47,Irwin,Irwin,4 Gentry St.,Baldwinsville,NY,13027,315-638-0175,,,System.Byte[]
48,KLUWER ACADEMIC,KLUWER ACADEMIC PUB,,,,,,,,System.Byte[]
49,Addison-Wesley,Addison-Wesley,Rte 128,Reading,MA,01867,617-944-3700,617-964-9460,,System.Byte[]
50,Starbuck, Orca,Starbuck, Orca,,,,,,,,System.Byte[]
51,Blacklock, P.,Blacklock, P.  Computer Programming (Edt),,,,,,,,System.Byte[]
52,Waite Group,Waite Group Press,100 Shoreline Hwy., Suite A285,Mill Valley,CA,94941,415-331-0575,415-331-1075,,System.Byte[]
53,Kluwer Academic,Kluwer Academic Publishers,,,,,,,,System.Byte[]
54,West,West Pub,P.O. Box 64256, 50 W. Kellogg Blvd.,St. Paul,MN,55164-0526,,,,System.Byte[]
55,BLACKWELL PUB,BLACKWELL PUB,3 Cambridge Ctr., Suite 208,Cambridge,MA ,02142,617-225-0401,,,System.Byte[]
56,MCCLELLAND & STEWART,MCCLELLAND & STEWART,,,,,,,,System.Byte[]
57,HAYDEN,HAYDEN BOOKS,11711 N. College Ave., Ste 140,Carmel,IN,46032,317-573-2500,,,System.Byte[]
58,BRADFORD,BRADFORD BOOKS,,,,,,,,System.Byte[]
59,RAND,RAND CORP,,,,,,,,System.Byte[]
60,GOODHEART-WILLCOX,GOODHEART-WILLCOX CO,,,,,,,,System.Byte[]
61,SIGS,SIGS PUBNS,,,,,,,,System.Byte[]
62,IEEE COMPUTER SOCIETY,IEEE COMPUTER SOCIETY,10662 Los Vaqueros Circle,Los Alamitos,CA,90720,800-272-6657,714-821-4010,PROFESSIONAL BOOKS ASSOCIATION PRESSES SCHOLARLY BOOKS SUBSCRIPTION AND MAIL ORDER BOOKS VIDEO CASSETTES TEXTBOOKS - COLLEGE VIDEO CASSETTES 
COMPUTER SCIENCE, DATA PROCESSING 
ELECTRONICS, ELECTRICAL ENGINEERING 
INDUSTRIAL, TECHNOLOGY 
ENGINEERING (GENERAL),System.Byte[]
63,MCGRAW HILL,MCGRAW HILL,,,,,,,,System.Byte[]
64,Sigs,Sigs Books,,,,,,,,System.Byte[]
65,Prentice Hall,Prentice Hall Ptr,15 Columbus Cir.,New York,NY,10023,800-922-0579,,,System.Byte[]
66,Elsevier,Elsevier,,,,,,,,System.Byte[]
67,Wordware,Wordware Publishing,1506 Capital Ave., Suite 101,Plano,TX,75074,,,,System.Byte[]
68,TAB BOOKS,TAB BOOKS,P.O. Box 40,Blue Ridge Summit,PA,17294-0850,800-822-8138,717-794-2080,,System.Byte[]
69,JAI,JAI PR,,,,,,,,System.Byte[]
70,CHARLES RIVER MEDIA,CHARLES RIVER MEDIA,,,,,,,,System.Byte[]
71,VAN NOSTRAND REINHOLD,VAN NOSTRAND REINHOLD,,,,,,,,System.Byte[]
72,R & D,R & D PUBNS,,,,,,,,System.Byte[]
73,EUROPEAN COMMUNITIES,EUROPEAN COMMUNITIES,,,,,,,,System.Byte[]
74,VENTANA,VENTANA PR,P.O. Box 2468,Chapel Hill,NC,27515,,,,System.Byte[]
75,ASSN FOR CHILDHOOD EDUCATION INTL,ASSN FOR CHILDHOOD EDUCATION INTL,,,,,,,,System.Byte[]
76,KOMENDA,KOMENDA PUB CO,,,,,,,,System.Byte[]
77,Springer,Springer,,,,,,,,System.Byte[]
78,JONES & BARTLETT,JONES & BARTLETT PUB,,,,,,,,System.Byte[]
79,OSBORNE MCGRAW-HILL,OSBORNE MCGRAW-HILL,1221 Ave of the Americas,New York,NY,10020,800-822-8138,,,System.Byte[]
80,METAMORPHOUS,METAMORPHOUS PR,,,,,,,,System.Byte[]
81,Springer-Verlag,Springer-Verlag,,,,,,,,System.Byte[]
82,CLARENDON,CLARENDON PR,,,,,,,,System.Byte[]
83,FRANKLIN BEEDLE & ASSOC,FRANKLIN BEEDLE & ASSOC,,,,,,,,System.Byte[]
84,PWS,PWS PUB CO,,,,,,,,System.Byte[]
85,Ncc Blackwell,Ncc Blackwell,3 Cambridge Ctr., Suite 208,Cambridge,MA ,02142,617-225-0401,,,System.Byte[]
86,SCIENCE,SCIENCE PR,,,,,,,,System.Byte[]
87,I B D,I B D LTD,,,,,,,,System.Byte[]
88,RANDOM HOUSE,RANDOM HOUSE ELECTRONIC PUB,,,,,,,,System.Byte[]
89,SYBEX,SYBEX,2021 Challenger Dr,Alameda,CA,94501,800-227-2346,415-523-2373,PAPERBACK BOOKS - TRADE DIRECTORIES, REFERENCE BOOKS MICROCOMPUTERS COMPUTER SCIENCE, DATA PROCESSING,System.Byte[]
90,BUTTERWORTH-HEINEMANN,BUTTERWORTH-HEINEMANN,,,,,,,,System.Byte[]
91,PUB GROUP WEST,PUB GROUP WEST (COMPUTER BKS),P.O. Box 64256, 50 W. Kellogg Blvd.,St. Paul,MN,55164-0526,,,,System.Byte[]
92,UCL PR LTD,UCL PR LTD,,,,,,,,System.Byte[]
93,CBM,CBM BOOKS,,,,,,,,System.Byte[]
94,MANNING,MANNING PUBNS CO,,,,,,,,System.Byte[]
95,JAMSA,JAMSA PR,,,,,,,,System.Byte[]
96,INSPEC/IEE,INSPEC/IEE,,,,,,,,System.Byte[]
97,ABACUS,ABACUS SOFTWARE,,,,,,,,System.Byte[]
98,WESTVIEW,WESTVIEW PR,P.O. Box 64256, 50 W. Kellogg Blvd.,St. Paul,MN,55164-0526,,,,System.Byte[]
99,ACADEMIC,ACADEMIC PR,,,,,,,,System.Byte[]
100,RICHARD D IRWIN,RICHARD D IRWIN,4 Gentry St.,Baldwinsville,NY,13027,315-638-0175,,,System.Byte[]
101,DORSET HOUSE,DORSET HOUSE,,,,,,,,System.Byte[]
102,ABLEX,ABLEX PUB CORP,,,,,,,,System.Byte[]
103,PAUL H BROOKES,PAUL H BROOKES PUB CO,,,,,,,,System.Byte[]
104,CHAPMAN & HALL,CHAPMAN & HALL,29 W. 35th St.,New York,NY,10001-2291,212-244-3336,,,System.Byte[]
105,DELMAR,DELMAR PUB,,,,,,,,System.Byte[]
106,Athena Sci,Athena Sci,,,,,,,,System.Byte[]
107,MORGAN KAUFMANN,MORGAN KAUFMANN PUB,2929 Campus Dr, Suite 260,San Mateo,CA,94403,415-578-9911,415-578-0672 ,Professional & reference books in computer science & related areas. PROFESSIONAL BOOKS TEXTBOOKS - COLLEGE VIDEO CASSETTES COMPUTER SCIENCE, DATA PROCESSING,System.Byte[]
108,UNIVERSAL,UNIVERSAL PUB CO,,,,,,,,System.Byte[]
109,ARTECH,ARTECH HOUSE,,,,,,,,System.Byte[]
110,W H FREEMAN,W H FREEMAN & CO,,,,,,,,System.Byte[]
111,WORDWARE,WORDWARE,1506 Capital Ave., Suite 101,Plano,TX,75074,,,,System.Byte[]
112,WALTER DE GRUYTER,WALTER DE GRUYTER,,,,,,,,System.Byte[]
113,VENTURE,VENTURE PUB,,,,,,,,System.Byte[]
114,AMER LIBRARY ASSN EDITIONS,AMER LIBRARY ASSN EDITIONS,,,,,,,,System.Byte[]
115,PRIMA PUB,PRIMA PUB,P.O. Box 1260,Rocklin,CA,95677-1260,,,,System.Byte[]
116,AA BALKEMA,AA BALKEMA,,,,,,,,System.Byte[]
117,Prentice Hall,Prentice Hall International,Rte. 9W,Englewood Cliffs,NJ,07632,201-592-2000,,,System.Byte[]
118,PEACHPIT,PEACHPIT PR,,,,,,,,System.Byte[]
119,DELLEN,DELLEN PUB CO,,,,,,,,System.Byte[]
120,VAN NOSTRAND REINHOLD,VAN NOSTRAND REINHOLD (SHORT DISC),,,,,,,,System.Byte[]
121,MITCHELL,MITCHELL PUB,55 Penny Ln., No. 103,Watsonville,CA,95076,408-724-0195,,,System.Byte[]
122,DIGITAL,DIGITAL PR,,,,,,,,System.Byte[]
123,KENDALL HUNT,KENDALL HUNT PUB,,,,,,,,System.Byte[]
124,AKADEMIAI KIADO,AKADEMIAI KIADO,,,,,,,,System.Byte[]
125,Manning,Manning,,,,,,,,System.Byte[]
126,ELSEVIER SCIENCE,ELSEVIER SCIENCE,,,,,,,,System.Byte[]
127,ONWORD,ONWORD PR,,,,,,,,System.Byte[]
128,BENJAMIN/CUMMINGS,BENJAMIN/CUMMINGS,390 Bridge Pkwy.,Redwood City,CA,94065,800-950-2665,415-594-4409,,System.Byte[]
129,ALLYN & BACON,ALLYN & BACON,,,,,,,,System.Byte[]
130,HARPERCOLLINS COLLEGE DIV,HARPERCOLLINS COLLEGE DIV,,,,,,,,System.Byte[]
131,NORTH-HOLLAND,NORTH-HOLLAND,,,,,,,,System.Byte[]
132,SAGAMORE,SAGAMORE PUB,,,,,,,,System.Byte[]
133,HUMAN KINETICS,HUMAN KINETICS PUB,,,,,,,,System.Byte[]
134,AMER MATHEMATICAL SOCIETY,AMER MATHEMATICAL SOCIETY,,,,,,,,System.Byte[]
135,RESEARCH STUDIES,RESEARCH STUDIES PR,,,,,,,,System.Byte[]
136,General Media,General Media Books,,,,,,,,System.Byte[]
137,DELFT UNIV,DELFT UNIV PR,,,,,,,,System.Byte[]
138,SOCIETY FOR INDUSTRIAL & APPLIED,SOCIETY FOR INDUSTRIAL & APPLIED,,,,,,,,System.Byte[]
139,BANTAM ELECTRONIC,BANTAM ELECTRONIC PUB,,,,,,,,System.Byte[]
140,INTL SOCIETY FOR TECHNOLOGYIN,INTL SOCIETY FOR TECHNOLOGYIN,,,,,,,,System.Byte[]
141,YOURDON,YOURDON,15 Columbus Cir.,New York,NY,10023,212-373-8500,,,System.Byte[]
142,WILLIAM MORROW & CO,WILLIAM MORROW & CO,,,,,,,,System.Byte[]
143,MIS,MIS PR,P.O. Box 5277,Portland,OR,97208-5277,503-282-5819,,,System.Byte[]
144,HARPERCOLLINS (PAPER),HARPERCOLLINS (PAPER),,,,,,,,System.Byte[]
145,MECKLERMEDIA,MECKLERMEDIA,,,,,,,,System.Byte[]
146,APOLLO COMPUTER SYSTEM,APOLLO COMPUTER SYSTEM,,,,,,,,System.Byte[]
147,HARPERCOLLINS,HARPERCOLLINS,,,,,,,,System.Byte[]
148,BIRKHAUSER,BIRKHAUSER,,,,,,,,System.Byte[]
149,PRINCETON UNIV,PRINCETON UNIV PR,,,,,,,,System.Byte[]
150,ALLERTON PR,ALLERTON PR,,,,,,,,System.Byte[]
151,WINDCREST,WINDCREST,P.O. Box 40,Blue Ridge Summit,PA,17294-0850,717-794-2191,,,System.Byte[]
152,ELEMENT,ELEMENT,,,,,,,,System.Byte[]
153,PERGAMON,PERGAMON PR,,,,,,,,System.Byte[]
154,WALNUT CREEK,WALNUT CREEK,,,,,,,,System.Byte[]
155,SOUTH-WESTERN,SOUTH-WESTERN PUB,P.O. Box 64256, 50 W. Kellogg Blvd.,St. Paul,MN,55164-0526,,,,System.Byte[]
156,MACMILLAN,MACMILLAN PUB CO,11 W. 42nd St., 3rd flr.,New York,NY,10036,212-869-7440,,,System.Byte[]
157,GROUP BOOKS,GROUP BOOKS,,,,,,,,System.Byte[]
158,COMPUTER TECHNOLOGY RESEARCH,COMPUTER TECHNOLOGY RESEARCH,,,,,,,,System.Byte[]
159,DICTATION DISC,DICTATION DISC CO,,,,,,,,System.Byte[]
160,WILEY-INTERSCIENCE,WILEY-INTERSCIENCE,605 Third Ave,New York,NY,10158,212-850-6000,212-850-6088 ,DATABASES MICROCOMPUTER SOFTWARE PAPERBACK BOOKS - TRADE TEXTBOOKS - COLLEGE DICTIONARIES, ENCYCLOPEDIAS PERIODICALS 
PROFESSIONAL BOOKS 
SCIENCE (GENERAL) 
BUSINESS 
SOCIAL SCIENCES AND SOCIOLOGY 
COMPUTER SCIENCE, DATA PROCESSING 
ENGINEERING (GENERAL),System.Byte[]
161,SIMON & SCHUSTER,SIMON & SCHUSTER (AUDIO),,,,,,,,System.Byte[]
162,WADSWORTH,WADSWORTH SOFTWARE,10 Davis Dr.,Belmont,CA,94002,,,,System.Byte[]
163,IRWIN PROFESSIONAL,IRWIN PROFESSIONAL PUB,4 Gentry St.,Baldwinsville,NY,13027,315-638-0175,,,System.Byte[]
164,IOWA STATE UNIV,IOWA STATE UNIV PR,State University Plaza,Albany,NY,12246-0001,,,,System.Byte[]
165,IEEE Computer Society Press,IEEE Computer Society Press,10662 Los Vaqueros Circle,Los Alamitos,CA,90720,800-272-6657,714-821-4010,PROFESSIONAL BOOKS ASSOCIATION PRESSES SCHOLARLY BOOKS SUBSCRIPTION AND MAIL ORDER BOOKS VIDEO CASSETTES TEXTBOOKS - COLLEGE VIDEO CASSETTES 
COMPUTER SCIENCE, DATA PROCESSING 
ELECTRONICS, ELECTRICAL ENGINEERING 
INDUSTRIAL, TECHNOLOGY 
ENGINEERING (GENERAL),System.Byte[]
166,MANGAEMENT INFO SERVICE,MANGAEMENT INFO SERVICE,,,,,,,,System.Byte[]
167,LAWRENCEVILLE,LAWRENCEVILLE PR,,,,,,,,System.Byte[]
168,HARPERPERENNIAL LIBRARY,HARPERPERENNIAL LIBRARY,,,,,,,,System.Byte[]
169,BROWN & BENCHMARK,BROWN & BENCHMARK PUB,,,,,,,,System.Byte[]
170,INTERPHARM,INTERPHARM PR,,,,,,,,System.Byte[]
171,DUXBURY,DUXBURY PR,,,,,,,,System.Byte[]
172,SOFTWARE MASTERS,SOFTWARE MASTERS,,,,,,,,System.Byte[]
173,NORTH AMER,NORTH AMER PUB CO,,,,,,,,System.Byte[]
174,BRADY,BRADY,,,,,,,,System.Byte[]
175,GLENCOE,GLENCOE/MACMILLAN MCGRAW HILL,15319 Chatsworth St.,Mission Hills,CA,91345,818-898-1391,,,System.Byte[]
176,HOLT RINEHART & WINSTON,HOLT RINEHART & WINSTON,,,,,,,,System.Byte[]
177,INTEL,INTEL BOOKS,,,,,,,,System.Byte[]
178,SAGE,SAGE PUBNS,,,,,,,,System.Byte[]
179,PRENTICE HALL,PRENTICE HALL COMPUTER PUB,15 Columbus Cir.,New York,NY,10023,800-922-0579,,,System.Byte[]
180,DELTA,DELTA,,,,,,,,System.Byte[]
181,RR BOWKER,RR BOWKER,,,,,,,,System.Byte[]
182,MICRO FOCUS,MICRO FOCUS PUB,,,,,,,,System.Byte[]
183,MERRIL,MERRIL PR,,,,,,,,System.Byte[]
184,FOCAL,FOCAL PR,,,,,,,,System.Byte[]
185,REAL PEOPLE,REAL PEOPLE PR,,,,,,,,System.Byte[]
186,ASSN FOR COMPUTING MACHINERY,ASSN FOR COMPUTING MACHINERY,,,,,,,,System.Byte[]
187,PETER LANG,PETER LANG PUB,,,,,,,,System.Byte[]
188,MACMILLAN COLL DIV,MACMILLAN COLL DIV,11 W. 42nd St., 3rd flr.,New York,NY,10036,212-869-7440,,,System.Byte[]
189,ALLEYSIDE PR (UPSTL),ALLEYSIDE PR (UPSTL),,,,,,,,System.Byte[]
190,PITMAN,PITMAN PUB LTD,,,,,,,,System.Byte[]
191,South-Western Educational,South-Western Educational Pub,P.O. Box 64256, 50 W. Kellogg Blvd.,St. Paul,MN,55164-0526,,,,System.Byte[]
192,ALPHA BOOKS,ALPHA BOOKS,,,,,,,,System.Byte[]
193,SCOTT/JONES,SCOTT/JONES,,,,,,,,System.Byte[]
194,COMPUTER CONFIDENCE,COMPUTER CONFIDENCE INC,,,,,,,,System.Byte[]
195,WATSON-GUPTILL,WATSON-GUPTILL PUBNS,,,,,,,,System.Byte[]
196,NEW RIDERS,NEW RIDERS PUB,P.O. Box 90, 11711 N. College Ave.,Carmel,IN,46032,,,,System.Byte[]
197,FAWCETT,FAWCETT TECHNICAL PUB,,,,,,,,System.Byte[]
198,E T N,E T N CORP,,,,,,,,System.Byte[]
199,SIGMA,SIGMA PR,,,,,,,,System.Byte[]
200,AMER ACADEMY OF OPHTHALMOLOGY,AMER ACADEMY OF OPHTHALMOLOGY,,,,,,,,System.Byte[]
201,BANTAM DOUBLEDAY DELL,BANTAM DOUBLEDAY DELL PUB,,,,,,,,System.Byte[]
202,VAN NOSTRAND REINHOLD,VAN NOSTRAND REINHOLD (TRADE),,,,,,,,System.Byte[]
203,NORTH LIGHT,NORTH LIGHT BOOKS,,,,,,,,System.Byte[]
204,WILLIAM C BROWN,WILLIAM C BROWN PUB,,,,,,,,System.Byte[]
205,LEA & FEBIGER,LEA & FEBIGER,,,,,,,,System.Byte[]
206,LAWRENCE ERLBAUM,LAWRENCE ERLBAUM ASSOC,,,,,,,,System.Byte[]
207,SCARECROW,SCARECROW PR,,,,,,,,System.Byte[]
208,S KARGER,S KARGER PUB,,,,,,,,System.Byte[]
209,SIMON & SCHUSTER,SIMON & SCHUSTER,,,,,,,,System.Byte[]
210,AMER PRODUCTION & INVENTORY,AMER PRODUCTION & INVENTORY,,,,,,,,System.Byte[]
211,UNIV OF WASHINGTON,UNIV OF WASHINGTON PR,,,,,,,,System.Byte[]
212,HEINEMANN,HEINEMANN,,,,,,,,System.Byte[]
213,STERLING SWIFT,STERLING SWIFT PUB CO,,,,,,,,System.Byte[]
214,ABC-CLIO,ABC-CLIO,,,,,,,,System.Byte[]
215,CHARLES C THOMAS,CHARLES C THOMAS PUB,,,,,,,,System.Byte[]
216,MOONBEAM PUBLICATIONS,MOONBEAM PUBLICATIONS, INC.,,,,,,,,System.Byte[]
217,PENGUIN,PENGUIN USA (PAPER),,,,,,,,System.Byte[]
218,st Martins Press,st Martins Press,,,,,,,,System.Byte[]
219,SPECIAL LIBRARIE,SPECIAL LIBRARIES ASSN,,,,,,,,System.Byte[]
220,K G SAUR,K G SAUR,,,,,,,,System.Byte[]
221,NTC,NTC PUB GROUP,,,,,,,,System.Byte[]
222,PINNACLE,PINNACLE PUB,,,,,,,,System.Byte[]
223,PRENTICE HALL,PRENTICE HALL TRADE,15 Columbus Cir.,New York,NY,10023,800-922-0579,,,System.Byte[]
224,GALLOPADE PUB GROUP,GALLOPADE PUB GROUP,,,,,,,,System.Byte[]
225,SINAUER ASSOC,SINAUER ASSOC,,,,,,,,System.Byte[]
226,PROBUS PUB CO,PROBUS PUB CO,,,,,,,,System.Byte[]
227,INFORMATION TODAY,INFORMATION TODAY INC,,,,,,,,System.Byte[]
228,TRANS-ATLANTIC,TRANS-ATLANTIC PUBNS,,,,,,,,System.Byte[]
229,Ablex Pub,Ablex Pub,,,,,,,,System.Byte[]
230,THOMSON EXECUTIVE,THOMSON EXECUTIVE PR (SHORT DISC),,,,,,,,System.Byte[]
231,COMPUTATIONAL MECHANICS,COMPUTATIONAL MECHANICS,,,,,,,,System.Byte[]
232,ORYX,ORYX PR,,,,,,,,System.Byte[]
233,PTR PRENTICE HALL,PTR PRENTICE HALL,15 Columbus Cir.,New York,NY,10023,800-922-0579,,,System.Byte[]
234,C A B INTL,C A B INTL,,,,,,,,System.Byte[]
235,CRC,CRC PR,,,,,,,,System.Byte[]
236,GALE RESEARCH,GALE RESEARCH,835 Penobscot Bldg,Detroit,MI,48226-4094,313-961-2242,313-961-6083,,System.Byte[]
237,ILLINOIS STATE MUSEUM,ILLINOIS STATE MUSEUM,State University Plaza,Albany,NY,12246-0001,,,,System.Byte[]
238,PERIGEE,PERIGEE,,,,,,,,System.Byte[]
239,ORGANISATION FOR ECONOMIC,ORGANISATION FOR ECONOMIC,,,,,,,,System.Byte[]
240,SILICON,SILICON PR,,,,,,,,System.Byte[]
241,LEWIS,LEWIS PUB,,,,,,,,System.Byte[]
242,AARP,AMER ASSN OF RETIRED PERSONS,,,,,,,,System.Byte[]
243,SOUTH ASIA,SOUTH ASIA BOOKS,,,,,,,,System.Byte[]
244,ASHGATE,ASHGATE PUB CO,,,,,,,,System.Byte[]
245,E S I,E S I PUBNS,,,,,,,,System.Byte[]
246,IEEE,IEEE,10662 Los Vaqueros Circle,Los Alamitos,CA,90720,800-272-6657,714-821-4010,PROFESSIONAL BOOKS ASSOCIATION PRESSES SCHOLARLY BOOKS SUBSCRIPTION AND MAIL ORDER BOOKS VIDEO CASSETTES TEXTBOOKS - COLLEGE VIDEO CASSETTES 
COMPUTER SCIENCE, DATA PROCESSING 
ELECTRONICS, ELECTRICAL ENGINEERING 
INDUSTRIAL, TECHNOLOGY 
ENGINEERING (GENERAL),System.Byte[]
247,GOVERNMENT INST,GOVERNMENT INST,,,,,,,,System.Byte[]
248,NATL FEDERATION OF ABSTRACTING,NATL FEDERATION OF ABSTRACTING,,,,,,,,System.Byte[]
249,BOYD CO,BOYD CO,20 Park Place., Suite 1405,Boston,MA,02116,617-426-2292,,,System.Byte[]
250,Hurson, A. R.,Hurson, A. R.,,,,,,,,System.Byte[]
251,ONLINE,ONLINE PR,,,,,,,,System.Byte[]
252,LIBRARIES UNLIMITED,LIBRARIES UNLIMITED,,,,,,,,System.Byte[]
253,Rand,Rand,,,,,,,,System.Byte[]
254,MARKUS WIENER,MARKUS WIENER PUB,,,,,,,,System.Byte[]
255,EDITIONS,EDITIONS RODOPI,,,,,,,,System.Byte[]
256,RESTON,RESTON PUB CO,,,,,,,,System.Byte[]
257,BAKER & TAYLOR PROMOTIONAL,BAKER & TAYLOR PROMOTIONAL,,,,,,,,System.Byte[]
258,DRYDEN,DRYDEN PR,,,,,,,,System.Byte[]
259,PARADIGM,PARADIGM PUB INTL,,,,,,,,System.Byte[]
260,CORONET BOOKS,CORONET BOOKS,,,,,,,,System.Byte[]
261,ONLINE,ONLINE,,,,,,,,System.Byte[]
262,G K HALL & CO,G K HALL & CO,,,,,,,,System.Byte[]
263,NATL APPLE WORKS USERS GROUP,NATL APPLE WORKS USERS GROUP,,,,,,,,System.Byte[]
264,REGENTS/PRENTICE HALL,REGENTS/PRENTICE HALL,Rte. 9W,Englewood Cliffs,NJ,07632,,,,System.Byte[]
265,NATL BOOK NETWORK (PROFESSIONAL),NATL BOOK NETWORK (PROFESSIONAL),,,,,,,,System.Byte[]
266,GIS WORLD,GIS WORLD,,,,,,,,System.Byte[]
267,MANCHESTER UNIV PR,MANCHESTER UNIV PR,,,,,,,,System.Byte[]
268,MCGRAW HILL,MCGRAW HILL BOOK CO LTD,,,,,,,,System.Byte[]
269,AMER SOCIETY FOR TESTING &,AMER SOCIETY FOR TESTING &,,,,,,,,System.Byte[]
270,COMPUTERIZED PRICING SYSTEMS,COMPUTERIZED PRICING SYSTEMS,,,,,,,,System.Byte[]
271,BAKER & TAYLOR,BAKER & TAYLOR CO,,,,,,,,System.Byte[]
272,STATE UNIV OF NEW YORK,STATE UNIV OF NEW YORK PR,State University Plaza,Albany,NY,12246-0001,,,,System.Byte[]
273,ELLIS HORWOOD,ELLIS HORWOOD LTD,,,,,,,,System.Byte[]
274,NEW IN CHESS,NEW IN CHESS,P.O. Box 90, 11711 N. College Ave.,Carmel,IN,46032,,,,System.Byte[]
275,CAS EDUCATION,CAS EDUCATION GROUP,,,,,,,,System.Byte[]
276,SOCIETY OF PHOTO OPTICAL,SOCIETY OF PHOTO OPTICAL,,,,,,,,System.Byte[]
277,MICROTREND,MICROTREND,165 Vallecitos de Oros,San Marcos,CA  ,92069-1436,619-744-2299,,,System.Byte[]
278,COMPUTE,COMPUTE,,,,,,,,System.Byte[]
279,FOOD & AGRICULTURE,FOOD & AGRICULTURE ORG,,,,,,,,System.Byte[]
280,AMER MEDICAL ASSN,AMER MEDICAL ASSN,,,,,,,,System.Byte[]
281,INDEX PUB GROUP,INDEX PUB GROUP,,,,,,,,System.Byte[]
282,ERIC CLEARINGHOUSE ON READING,ERIC CLEARINGHOUSE ON READING,,,,,,,,System.Byte[]
283,NATIONAL ASSN OF INSURANCE,NATIONAL ASSN OF INSURANCE,,,,,,,,System.Byte[]
284,WORLD RESOURCES INST,WORLD RESOURCES INST,,,,,,,,System.Byte[]
285,ELSEVIER SCIENCE LTD,ELSEVIER SCIENCE LTD,,,,,,,,System.Byte[]
286,BEGELL HOUSE,BEGELL HOUSE,,,,,,,,System.Byte[]
287,WILEY LAW,WILEY LAW PUBNS,605 Third Ave,New York,NY,10158,212-850-6000,212-850-6088 ,DATABASES MICROCOMPUTER SOFTWARE PAPERBACK BOOKS - TRADE TEXTBOOKS - COLLEGE DICTIONARIES, ENCYCLOPEDIAS PERIODICALS 
PROFESSIONAL BOOKS 
SCIENCE (GENERAL) 
BUSINESS 
SOCIAL SCIENCES AND SOCIOLOGY 
COMPUTER SCIENCE, DATA PROCESSING 
ENGINEERING (GENERAL),System.Byte[]
288,OCLC,OCLC,,,,,,,,System.Byte[]
289,ASHTON TATE,ASHTON TATE,,,,,,,,System.Byte[]
290,MOSBY,MOSBY-YEAR BOOK,,,,,,,,System.Byte[]
291,D C HEATH,D C HEATH & CO,,,,,,,,System.Byte[]
292,POLICY STUDIES ASSOC,POLICY STUDIES ASSOC,,,,,,,,System.Byte[]
293,PLENUM,PLENUM PUB CORP,,,,,,,,System.Byte[]
294,LEWIS OSBORNE,LEWIS OSBORNE BOOK PUB,2600 Tenth St.,Berkeley,CA,94710,800-227-0900,,,System.Byte[]
295,PARADIGM,PARADIGM PUB,,,,,,,,System.Byte[]
296,SUMMER INST OF LINGUISTICS,SUMMER INST OF LINGUISTICS,,,,,,,,System.Byte[]
297,NATL BUSINESS EDUCATION ASSN,NATL BUSINESS EDUCATION ASSN,1818 Ridge Rd.,Homewood,IL,60430,708-798-6000,,,System.Byte[]
298,KNOWLEDGE INDUSTRY,KNOWLEDGE INDUSTRY PUBNS,,,,,,,,System.Byte[]
299,THE MINERALS METALS & MATERIALS,THE MINERALS METALS & MATERIALS,,,,,,,,System.Byte[]
300,SPORT INFO RESOURCE CENTRE,SPORT INFO RESOURCE CENTRE,,,,,,,,System.Byte[]
301,FRANKLIN WATTS,FRANKLIN WATTS,,,,,,,,System.Byte[]
302,HBJ COLLEGE,HBJ COLLEGE & SCHOOL DIV,,,,,,,,System.Byte[]
303,PAPERBACK SOFTWARE,PAPERBACK SOFTWARE INTL,,,,,,,,System.Byte[]
304,INST OF INDUSTRIAL ENGINEERS,INST OF INDUSTRIAL ENGINEERS,,,,,,,,System.Byte[]
305,HEINLE & HEINLE,HEINLE & HEINLE PUB,,,,,,,,System.Byte[]
306,ERIC CLEARINGHOUSE ON INFORMATION,ERIC CLEARINGHOUSE ON INFORMATION,,,,,,,,System.Byte[]
307,COMPREHENSIVE INFO SCIENCES,COMPREHENSIVE INFO SCIENCES,,,,,,,,System.Byte[]
308,DRUG INFORMATION SERVICES,DRUG INFORMATION SERVICES,,,,,,,,System.Byte[]
309,BROOKFIELD,BROOKFIELD PUB CO,,,,,,,,System.Byte[]
310,SOYFOODS CENTER,SOYFOODS CENTER,,,,,,,,System.Byte[]
311,WORLD WILDLIFE FUND,WORLD WILDLIFE FUND,,,,,,,,System.Byte[]
312,SCHOLIUM INTL,SCHOLIUM INTL,,,,,,,,System.Byte[]
313,GULF PUB,GULF PUB CO,,,,,,,,System.Byte[]
314,CATALYST,CATALYST,,,,,,,,System.Byte[]
315,CULTURAL RESOURCE,CULTURAL RESOURCE,,,,,,,,System.Byte[]
316,PUB GROUP WEST,PUB GROUP WEST,P.O. Box 64256, 50 W. Kellogg Blvd.,St. Paul,MN,55164-0526,,,,System.Byte[]
317,Longwood,Longwood,,,,,,,,System.Byte[]
318,PETROCELLI,PETROCELLI BOOKS,,,,,,,,System.Byte[]
319,LIBRARY ASSN,LIBRARY ASSN PUB LTD,,,,,,,,System.Byte[]
320,SLAWSON COMMUNICATIONS,SLAWSON COMMUNICATIONS,165 Vallecitos de Oro,San Marcos,CA,92069-1436,800-752-9766,619-744-0424 ,,System.Byte[]
321,MERRILL,MERRILL PUB CO,,,,,,,,System.Byte[]
322,INFORMATION SOURCES,INFORMATION SOURCES,,,,,,,,System.Byte[]
323,UNIPUB,UNIPUB,4611-F Assembly Dr.,Lanham,MD,20706-4391,,,,System.Byte[]
324,GLOBAL ENGINEERING,GLOBAL ENGINEERING,,,,,,,,System.Byte[]
325,NATL TECHNICAL INFORMATION,NATL TECHNICAL INFORMATION,,,,,,,,System.Byte[]
326,NATL CENTER FOR CHILDREN,NATL CENTER FOR CHILDREN,,,,,,,,System.Byte[]
327,MIKE MURACH & ASSOC,MIKE MURACH & ASSOC,,,,,,,,System.Byte[]
328,ALFRED WALLER,ALFRED WALLER LTD,,,,,,,,System.Byte[]
329,AMER SOCIETY OF MECHANICAL,AMER SOCIETY OF MECHANICAL,,,,,,,,System.Byte[]
330,PRACTICE MANAGEMENT INFO CORP_,PRACTICE MANAGEMENT INFO CORP_,,,,,,,,System.Byte[]
331,MUSIC LIBRARY ASSN,MUSIC LIBRARY ASSN,,,,,,,,System.Byte[]
332,SAS INST,SAS INST,,,,,,,,System.Byte[]
333,ARMSTRONG,ARMSTRONG PUB CO,,,,,,,,System.Byte[]
334,ERIC CLEARINGHOUSE ON RURAL,ERIC CLEARINGHOUSE ON RURAL,,,,,,,,System.Byte[]
335,AMER PSYCHOLOGICAL ASSN,AMER PSYCHOLOGICAL ASSN,595 Blossom Rd.,Rochester,NY,14610,716-482-7700,,,System.Byte[]
336,ELSEVIER APPLIED SCIENCE,ELSEVIER APPLIED SCIENCE,,,,,,,,System.Byte[]
337,BUSINESS ONE IRWIN COMPUTER,BUSINESS ONE IRWIN COMPUTER,4 Gentry St.,Baldwinsville,NY,13027,315-638-0175,,,System.Byte[]
338,P C INFORMATION GROUP,P C INFORMATION GROUP,,,,,,,,System.Byte[]
339,DAVID FULTON,DAVID FULTON PUB,,,,,,,,System.Byte[]
340,AMER DIETETIC,AMER DIETETIC ASSN,,,,,,,,System.Byte[]
341,GREENWOOD,GREENWOOD PUB GROUP,,,,,,,,System.Byte[]
342,UNIV OF ILLINOIS GRADUATE,UNIV OF ILLINOIS GRADUATE,,,,,,,,System.Byte[]
343,MANSELL,MANSELL,,,,,,,,System.Byte[]
344,BIOSCIENCES INFORMATION,BIOSCIENCES INFORMATION,,,,,,,,System.Byte[]
345,XYZYX INFORMATION CORP,XYZYX INFORMATION CORP,,,,,,,,System.Byte[]
346,SCOTT FORESMAN TRADE,SCOTT FORESMAN TRADE,1900 E. Lake Ave.,Glenview,IL,60025,,,,System.Byte[]
347,FINANCIAL SOURCEBOOKS,FINANCIAL SOURCEBOOKS,,,,,,,,System.Byte[]
348,SCOTT FORESMAN & CO,SCOTT FORESMAN & CO,1900 E. Lake Ave.,Glenview,IL,60025,,,,System.Byte[]
349,TEC SPEC,TEC SPEC,,,,,,,,System.Byte[]
350,INFORMATION ACCESS,INFORMATION ACCESS CORP,,,,,,,,System.Byte[]
351,RAPID SYSTEMS DEVELOPMENT,RAPID SYSTEMS DEVELOPMENT,211 W. 56th St., Suite 29H,New York,NY,10019-4323,,,,System.Byte[]
352,SUMERIA,SUMERIA,,,,,,,,System.Byte[]
353,NOYES,NOYES PUBNS,,,,,,,,System.Byte[]
354,INFOSOURCES,INFOSOURCES PUB,,,,,,,,System.Byte[]
355,TRANSACTION,TRANSACTION PUB,,,,,,,,System.Byte[]
356,INTUSOFT,INTUSOFT,,,,,,,,System.Byte[]
357,ALLEGRO NEW MEDIA,ALLEGRO NEW MEDIA,P.O. Box 90, 11711 N. College Ave.,Carmel,IN,46032,,,,System.Byte[]
358,MICROREF,MICROREF EDUC SYSTEMS,,,,,,,,System.Byte[]
359,SOCIETY FOR MINING METALLURGY,SOCIETY FOR MINING METALLURGY,,,,,,,,System.Byte[]
360,WEST VIRGINIA UNIV,WEST VIRGINIA UNIV PR,P.O. Box 64256, 50 W. Kellogg Blvd.,St. Paul,MN,55164-0526,,,,System.Byte[]
361,INSTANT INFO,INSTANT INFO,,,,,,,,System.Byte[]
362,ACCESS,ACCESS PUB,,,,,,,,System.Byte[]
363,DESIGN,DESIGN PR,,,,,,,,System.Byte[]
364,MANAGEMENT ROUNDTABLE,MANAGEMENT ROUNDTABLE,P.O. Box 40,Blue Ridge Summit,PA,17294-0850,800-822-8138,717-794-2080,,System.Byte[]
365,PERGAMON,PERGAMON JOURNALS,,,,,,,,System.Byte[]
366,ARNOLD BECKWITH,ARNOLD BECKWITH PUBNS,,,,,,,,System.Byte[]
367,CONSUMERTRONICS,CONSUMERTRONICS CO,,,,,,,,System.Byte[]
368,GORDON & BREACH SCIENCE,GORDON & BREACH SCIENCE PUB,,,,,,,,System.Byte[]
369,ADARE PUB,ADARE PUB,,,,,,,,System.Byte[]
370,WHITE SOUND,WHITE SOUND PR,,,,,,,,System.Byte[]
371,BOXES & ARROWS,BOXES & ARROWS,,,,,,,,System.Byte[]
372,COMPUTER RESEARCH CORP,COMPUTER RESEARCH CORP,,,,,,,,System.Byte[]
373,MAGELLAN,MAGELLAN BOOK CO,,,,,,,,System.Byte[]
374,G E DATEL,G E DATEL,,,,,,,,System.Byte[]
375,CROWN,CROWN PUB,,,,,,,,System.Byte[]
376,AMER SOCIETY OF SAFETY ENGRS,AMER SOCIETY OF SAFETY ENGRS,,,,,,,,System.Byte[]
377,FRENCH & EUROPEAN,FRENCH & EUROPEAN PUBNS,,,,,,,,System.Byte[]
378,RESEARCH LIBRARIES GROUP,RESEARCH LIBRARIES GROUP,,,,,,,,System.Byte[]
379,PIPPIN,PIPPIN PUB,,,,,,,,System.Byte[]
380,UNIV OF NEW HAVEN,UNIV OF NEW HAVEN PR,P.O. Box 90, 11711 N. College Ave.,Carmel,IN,46032,,,,System.Byte[]
381,PETRO WAY,PETRO WAY,,,,,,,,System.Byte[]
382,AMECO,AMECO PUB CORP,,,,,,,,System.Byte[]
383,CUADRA/ELSEVIER,CUADRA/ELSEVIER,,,,,,,,System.Byte[]
384,WORLDCOMM,WORLDCOMM PR,,,,,,,,System.Byte[]
385,WHITESTONE,WHITESTONE,,,,,,,,System.Byte[]
386,AMER GLOBAL PUB,AMER GLOBAL PUB,,,,,,,,System.Byte[]
387,INTL BROADCASTING SERV,INTL BROADCASTING SERV,,,,,,,,System.Byte[]
388,BALLANTINE,BALLANTINE BOOKS (TRD PAP),,,,,,,,System.Byte[]
389,UMI RESEARCH,UMI RESEARCH PR,,,,,,,,System.Byte[]
390,DUCKWORTH,DUCKWORTH PR,,,,,,,,System.Byte[]
391,CREATIVE COMPUTING,CREATIVE COMPUTING PR,,,,,,,,System.Byte[]
392,HANSER VERLAG,HANSER VERLAG,,,,,,,,System.Byte[]
393,ARRAYS,ARRAYS,,,,,,,,System.Byte[]
394,SIMON & SCHUSTER,SIMON & SCHUSTER SOFTWARE,,,,,,,,System.Byte[]
395,AVON,AVON BOOKS,,,,,,,,System.Byte[]
396,LEARNED INFORMATION,LEARNED INFORMATION,,,,,,,,System.Byte[]
397,RAIMA,RAIMA CORP,,,,,,,,System.Byte[]
398,CANADIAN GOVERNMENT,CANADIAN GOVERNMENT PUB CENTER,,,,,,,,System.Byte[]
399,DILITHIUM,DILITHIUM PR,,,,,,,,System.Byte[]
400,ALFRED,ALFRED PUB CO,,,,,,,,System.Byte[]
401,PACIFIC INFORMATION,PACIFIC INFORMATION,,,,,,,,System.Byte[]
402,SOFTWARE DIGEST,SOFTWARE DIGEST,,,,,,,,System.Byte[]
403,NEW AMERICAN LIBRARY TRADE,NEW AMERICAN LIBRARY TRADE,P.O. Box 90, 11711 N. College Ave.,Carmel,IN,46032,,,,System.Byte[]
404,SILVER BURDETT,SILVER BURDETT PR,,,,,,,,System.Byte[]
405,EAST-WEST CENTER,EAST-WEST CENTER,P.O. Box 64256, 50 W. Kellogg Blvd.,St. Paul,MN,55164-0526,,,,System.Byte[]
406,TOTAL CONCEPTS,TOTAL CONCEPTS,,,,,,,,System.Byte[]
407,AMER INST OF CHEMICAL ENGINEERS,AMER INST OF CHEMICAL ENGINEERS,,,,,,,,System.Byte[]
408,NATL ASSESSMENT,NATL ASSESSMENT,,,,,,,,System.Byte[]
409,VANCE BIBLIOGRAPHIES,VANCE BIBLIOGRAPHIES,,,,,,,,System.Byte[]
410,INFORMATION INDUSTRY,INFORMATION INDUSTRY ASSN,,,,,,,,System.Byte[]
411,MANAGEMENT CONTENTS,MANAGEMENT CONTENTS,,,,,,,,System.Byte[]
412,MANAGEMENT ADVISORY PUBNS,MANAGEMENT ADVISORY PUBNS,,,,,,,,System.Byte[]
413,WEBER SYSTEMS,WEBER SYSTEMS,,,,,,,,System.Byte[]
414,D REIDEL,D REIDEL PUB CO,,,,,,,,System.Byte[]
415,UNIV MICROFILMS______________,UNIV MICROFILMS______________,,,,,,,,System.Byte[]
416,MOUNTAIN HOUSE,MOUNTAIN HOUSE PUB,,,,,,,,System.Byte[]
417,NATL BIOMEDICAL RESEARCH,NATL BIOMEDICAL RESEARCH,,,,,,,,System.Byte[]
418,AMACOM BOOK DIVISION,AMACOM BOOK DIVISION,,,,,,,,System.Byte[]
419,AFIPS PR,AFIPS PR,,,,,,,,System.Byte[]
420,MOFFAT,MOFFAT PUB CO,,,,,,,,System.Byte[]
421,MUSEUM OF AFRICAN ART,MUSEUM OF AFRICAN ART,,,,,,,,System.Byte[]
422,DLAW,DLAW PUBNS,,,,,,,,System.Byte[]
423,MORAGA,MORAGA PR,,,,,,,,System.Byte[]
424,RANDOM HOUSE,RANDOM HOUSE (PAPER),,,,,,,,System.Byte[]
425,REFERENCE,REFERENCE PR,,,,,,,,System.Byte[]
426,ALBION,ALBION BOOKS,,,,,,,,System.Byte[]
427,HAWORTH,HAWORTH PR,,,,,,,,System.Byte[]
428,Kluwer Law International,Kluwer Law International,,,,,,,,System.Byte[]
429,MAYFIELD,MAYFIELD PUB CO,,,,,,,,System.Byte[]
430,H M GOUSHA,H M GOUSHA,,,,,,,,System.Byte[]
431,SIGNET,SIGNET,,,,,,,,System.Byte[]
432,WOBURN PR,WOBURN PR,,,,,,,,System.Byte[]
433,PLUTO,PLUTO PR,,,,,,,,System.Byte[]
434,MOUNTAINEERS,MOUNTAINEERS BOOKS,,,,,,,,System.Byte[]
435,BRADFORDS,BRADFORDS DIRECTORY,,,,,,,,System.Byte[]
436,VILLARD,VILLARD BOOKS,,,,,,,,System.Byte[]
437,NICHOLS,NICHOLS PUB CO,,,,,,,,System.Byte[]
438,RUTGERS UNIV,RUTGERS UNIV PR,,,,,,,,System.Byte[]
439,BASIC BOOKS,BASIC BOOKS,,,,,,,,System.Byte[]
440,CELEBRITY ACCESS,CELEBRITY ACCESS,,,,,,,,System.Byte[]
441,JOSSEY-BASS,JOSSEY-BASS PUB,,,,,,,,System.Byte[]
442,MARTINUS NIJHOFF,MARTINUS NIJHOFF,,,,,,,,System.Byte[]
443,Network Development,Network Development and Marc Standards Office Library of Co,,,,,,,,System.Byte[]
444,Radcliffe Medica,Radcliffe Medical Press,,,,,,,,System.Byte[]
445,CONGRESSIONAL QUARTERLY,CONGRESSIONAL QUARTERLY,,,,,,,,System.Byte[]
446,BONUS,BONUS BOOKS,,,,,,,,System.Byte[]
447,BOOKWORLD SERVICES,BOOKWORLD SERVICES,,,,,,,,System.Byte[]
448,PROJECT STUDIO,PROJECT STUDIO PR,,,,,,,,System.Byte[]
449,PENTON OVERSEAS,PENTON OVERSEAS,,,,,,,,System.Byte[]
450,SIMPLEX PUBN,SIMPLEX PUBN,,,,,,,,System.Byte[]
451,URBAN,URBAN INST PR,,,,,,,,System.Byte[]
452,Dryden,Dryden Press,,,,,,,,System.Byte[]
453,SEVEN HILLS,SEVEN HILLS BOOKS,,,,,,,,System.Byte[]
454,LIBROS MCGRAW/HILL,LIBROS MCGRAW/HILL,,,,,,,,System.Byte[]
455,ACR,AMER COLLEGE OF RADIOLOGY,,,,,,,,System.Byte[]
456,UNIV OF MICHIGAN MUSEUM,UNIV OF MICHIGAN MUSEUM,,,,,,,,System.Byte[]
457,STEVE DAVIS,STEVE DAVIS PUB,,,,,,,,System.Byte[]
458,ASHTON LEARNING SYSTEM,ASHTON LEARNING SYSTEM,,,,,,,,System.Byte[]
459,COURSE TECHNOLOGY,COURSE TECHNOLOGY,,,,,,,,System.Byte[]
460,EDUCATIONAL SYSTEMS,EDUCATIONAL SYSTEMS,,,,,,,,System.Byte[]
461,CHILTON,CHILTON BOOK CO,,,,,,,,System.Byte[]
462,SHAMROCK,SHAMROCK PR,,,,,,,,System.Byte[]
463,BOB ADAMS,BOB ADAMS,,,,,,,,System.Byte[]
464,M-USA BUS SYSTEMS,M-USA BUS SYSTEMS,,,,,,,,System.Byte[]
465,BLACKWELL SCIENCE,BLACKWELL SCIENCE INC,3 Cambridge Ctr., Suite 208,Cambridge,MA ,02142,617-225-0401,,,System.Byte[]
466,MACROBIT,MACROBIT CORP,,,,,,,,System.Byte[]
467,GROSS,GROSS & JOHNSON PUB CO,,,,,,,,System.Byte[]
468,BANTAM,BANTAM BOOKS,666 Fifth Ave,New York,NY,10103,800-223-6834,212-765-3869 ,GENERAL TRADE BOOKS - HARDCOVER JUVENILE AND YOUNG ADULT BOOKS PAPERBACK BOOKS - MASS MARKET PAPERBACK BOOKS - TRADE FILM, VIDEO 
NAVAL, MARITIME,System.Byte[]
469,SHERIDAN HOUSE,SHERIDAN HOUSE,,,,,,,,System.Byte[]
470,ANAYA,ANAYA MULTIMEDIA,,,,,,,,System.Byte[]
471,RANDOM HOUSE,RANDOM HOUSE,,,,,,,,System.Byte[]
472,MCGRAW-HILL SOFTWARE,MCGRAW-HILL SOFTWARE,1221 Ave of the Americas,New York,NY,10020,800-822-8138,,,System.Byte[]
473,BROOKS/COLE,BROOKS/COLE PUB CO,,,,,,,,System.Byte[]
474,GOLDEN GLOW PR,GOLDEN GLOW PR,,,,,,,,System.Byte[]
475,LAKE PUB,LAKE PUB CO,,,,,,,,System.Byte[]
476,HP,HP BOOKS,,,,,,,,System.Byte[]
477,ENGLISH 1 COMPUTER TUTORIAL,ENGLISH 1 COMPUTER TUTORIAL,,,,,,,,System.Byte[]
478,TAB BOOKS SOFTWARE,TAB BOOKS SOFTWARE,P.O. Box 40,Blue Ridge Summit,PA,17294-0850,800-822-8138,717-794-2080,,System.Byte[]
479,PUTNAM PUB GROUP,PUTNAM PUB GROUP,,,,,,,,System.Byte[]
480,DTECHNIQUE ASSOC,DTECHNIQUE ASSOC,11711 N College Ave, Suite 140,Carmel,IN,46032,,,,System.Byte[]
481,FLIP TRACK LEARNING SYSTEMS,FLIP TRACK LEARNING SYSTEMS,,,,,,,,System.Byte[]
482,SILMA DELTA RESEARCH,SILMA DELTA RESEARCH,,,,,,,,System.Byte[]
483,COLLEGE ART,COLLEGE ART ASSN,,,,,,,,System.Byte[]
484,GOLDEN WEST PRODUCTS,GOLDEN WEST PRODUCTS INTL,P.O. Box 64256, 50 W. Kellogg Blvd.,St. Paul,MN,55164-0526,,,,System.Byte[]
485,MIDI,MIDI AMER,941 Heritage Hills,Atlanta ,GA,30033,404-452-8154,,,System.Byte[]
486,PEMBERTON,PEMBERTON PR,,,,,,,,System.Byte[]
487,T L M,T L M,,,,,,,,System.Byte[]
488,PEER TO PEER COMMUNICATIONS,PEER TO PEER COMMUNICATIONS,,,,,,,,System.Byte[]
489,INTER TRADE,INTER TRADE CORP,,,,,,,,System.Byte[]
490,Paradigm,Paradigm,,,,,,,,System.Byte[]
491,NOVA,NOVA PR,,,,,,,,System.Byte[]
492,DIGITAL EQUIPMENT CORP,DIGITAL EQUIPMENT CORP,,,,,,,,System.Byte[]
493,PRAEGER,PRAEGER PUB,,,,,,,,System.Byte[]
494,BOOKS NIPPAN,BOOKS NIPPAN,,,,,,,,System.Byte[]
495,RESEARCH & EDUCATION ASSN,RESEARCH & EDUCATION ASSN,,,,,,,,System.Byte[]
496,SPECIALIZED SYSTEMS CONSULTANTS,SPECIALIZED SYSTEMS CONSULTANTS,,,,,,,,System.Byte[]
497,AMER ASSN FOR ARTIFICIAL,AMER ASSN FOR ARTIFICIAL,,,,,,,,System.Byte[]
498,WORDWORKS,WORDWORKS,,,,,,,,System.Byte[]
499,A-R EDITIONS,A-R EDITIONS,,,,,,,,System.Byte[]
500,ADVANSTAR COMMUNICATIONS,ADVANSTAR COMMUNICATIONS,,,,,,,,System.Byte[]
501,ASTER,ASTER PUB CORP,,,,,,,,System.Byte[]
502,NEW MENS,NEW MENS PR,P.O. Box 90, 11711 N. College Ave.,Carmel,IN,46032,,,,System.Byte[]
503,EDUCATIONAL RESEARCH CENTER,EDUCATIONAL RESEARCH CENTER,,,,,,,,System.Byte[]
504,IOP PUB,IOP PUB,,,,,,,,System.Byte[]
505,CASTLE MOUNTAIN,CASTLE MOUNTAIN PR,,,,,,,,System.Byte[]
506,MILLER FREEMAN,MILLER FREEMAN PUB,,,,,,,,System.Byte[]
507,THUNDEREGG,THUNDEREGG PUB,,,,,,,,System.Byte[]
508,GINGKO,GINGKO PR,,,,,,,,System.Byte[]
509,THE SCIENTIFIC,THE SCIENTIFIC PR,,,,,,,,System.Byte[]
510,INTERTEXT,INTERTEXT,2633 E. 17th Ave.,Anchorage,AK,99508,,,,System.Byte[]
511,SAUNDERS COLLEGE,SAUNDERS COLLEGE PUB,,,,,,,,System.Byte[]
512,PLUM HALL,PLUM HALL,,,,,,,,System.Byte[]
513,AMER SOCIETY OF CLINICAL,AMER SOCIETY OF CLINICAL,,,,,,,,System.Byte[]
514,EDINBURGH UNIV,EDINBURGH UNIV PR,,,,,,,,System.Byte[]
515,AUERBACH PUB,AUERBACH PUB,,,,,,,,System.Byte[]
516,COMPUTER PUB ENTERPRISES,COMPUTER PUB ENTERPRISES,,,,,,,,System.Byte[]
517,USENIX ASSOC,USENIX ASSOC,,,,,,,,System.Byte[]
518,A SYSTEM PUBNS,A SYSTEM PUBNS,,,,,,,,System.Byte[]
519,WH & O INTL,WH & O INTL,,,,,,,,System.Byte[]
520,STUDENTLITTERATUR,STUDENTLITTERATUR,,,,,,,,System.Byte[]
521,SPSS,SPSS,,,,,,,,System.Byte[]
522,ELCOMP,ELCOMP PUB,,,,,,,,System.Byte[]
523,WARREN GORHAM & LAMONT,WARREN GORHAM & LAMONT,,,,,,,,System.Byte[]
524,MCGRAW-HILL/MEXICO,MCGRAW-HILL/MEXICO,1221 Ave of the Americas,New York,NY,10020,800-822-8138,,,System.Byte[]
525,HEMISPHERE,HEMISPHERE PUB,P.O. Box 5277,Portland,OR,97208-5277,503-282-5819,,,System.Byte[]
526,ADAM HILGER,ADAM HILGER,,,,,,,,System.Byte[]
527,WORLD BANK,WORLD BANK,,,,,,,,System.Byte[]
528,ASSN OF SCIENCE TECHNOLOGY CTR,ASSN OF SCIENCE TECHNOLOGY CTR,,,,,,,,System.Byte[]
529,TAB PROFESSIONAL & REFERENCE,TAB PROFESSIONAL & REFERENCE,P.O. Box 40,Blue Ridge Summit,PA,17294-0850,800-822-8138,717-794-2080,,System.Byte[]
530,ACS,AMER CHEMICAL SOCIETY,,,,,,,,System.Byte[]
531,TELLURIC,TELLURIC RESEARCH & INFO PROD,,,,,,,,System.Byte[]
532,INTL ATOMIC ENERGY AGENCY,INTL ATOMIC ENERGY AGENCY,,,,,,,,System.Byte[]
533,GRACE PUB,GRACE PUB CO,,,,,,,,System.Byte[]
534,ENSLOW,ENSLOW PUB,,,,,,,,System.Byte[]
535,EDWARD ARNOLD,EDWARD ARNOLD,,,,,,,,System.Byte[]
536,NATL COUNCIL ON FAMILY,NATL COUNCIL ON FAMILY,,,,,,,,System.Byte[]
537,INTERACTIVE,INTERACTIVE BOOKS,,,,,,,,System.Byte[]
538,HALSTED,HALSTED PR,,,,,,,,System.Byte[]
539,INFORMATION USA,INFORMATION USA,,,,,,,,System.Byte[]
540,SRA,SRA,155 N. Wacker Dr.,Chicago,IL,60606,800-621-0476,312-984-7162,,System.Byte[]
541,KRIEGER,KRIEGER PUB CO,,,,,,,,System.Byte[]
542,ASPRS,ASPRS PUBNS,,,,,,,,System.Byte[]
543,PIERIAN,PIERIAN PR,,,,,,,,System.Byte[]
544,HOUGHTON MIFFLIN,HOUGHTON MIFFLIN CO,,,,,,,,System.Byte[]
545,COMPUTER SCIENCE,COMPUTER SCIENCE PR,,,,,,,,System.Byte[]
546,GREGG,GREGG/COMMUNITY COLLEGE DIV,,,,,,,,System.Byte[]
547,TEST PUBL 1,TEST PUBL 1,,,,,,,,System.Byte[]
548,BOWLING GREEN STATE UNIV,BOWLING GREEN STATE UNIV,State University Plaza,Albany,NY,12246-0001,,,,System.Byte[]
549,DUIMINT,DUIMINT,,,,,,,,System.Byte[]
550,TAYLOR & FRANCIS,TAYLOR & FRANCIS,,,,,,,,System.Byte[]
551,ENGINEERING INFORMATION,ENGINEERING INFORMATION,,,,,,,,System.Byte[]
552,SIMON & SCHUSTER,SIMON & SCHUSTER (PAPER),,,,,,,,System.Byte[]
553,SOCIETY OF AUTOMOTIVE ENGINEER,SOCIETY OF AUTOMOTIVE ENGINEER,,,,,,,,System.Byte[]
554,OPEN UNIV,OPEN UNIV PR,,,,,,,,System.Byte[]
555,TLM,TLM,420 Westchester Ave.,Port Chester,NY,10573,,,,System.Byte[]
556,WEBER SYSTEM,WEBER SYSTEM,,,,,,,,System.Byte[]
557,NATL BOOK NETWORK,NATL BOOK NETWORK,,,,,,,,System.Byte[]
558,LEXINGTON,LEXINGTON BOOKS,,,,,,,,System.Byte[]
559,DIGITAL CONSULTING,DIGITAL CONSULTING,,,,,,,,System.Byte[]
560,INTL CENTER FOR INFORMATION,INTL CENTER FOR INFORMATION,,,,,,,,System.Byte[]
561,MACMILLAN/MCGRAW HILL SCHOOL,MACMILLAN/MCGRAW HILL SCHOOL,11 W. 42nd St., 3rd flr.,New York,NY,10036,212-869-7440,,,System.Byte[]
562,LONGMAN,LONGMAN PUB GROUP,,,,,,,,System.Byte[]
563,GRAPEVINE,GRAPEVINE PUBNS,,,,,,,,System.Byte[]
564,EDUCALC,EDUCALC PUBNS,,,,,,,,System.Byte[]
565,CORNELL,CORNELL CAMPUS STORE,,,,,,,,System.Byte[]
566,SCHOLARLY,SCHOLARLY PR,,,,,,,,System.Byte[]
567,NEW SOUTH MOULTON,NEW SOUTH MOULTON PR,P.O. Box 90, 11711 N. College Ave.,Carmel,IN,46032,,,,System.Byte[]
568,AMER SOCIETY OF HEATING REFRIG,AMER SOCIETY OF HEATING REFRIG,,,,,,,,System.Byte[]
569,DUSHKIN PUB GROUP,DUSHKIN PUB GROUP,,,,,,,,System.Byte[]
570,SOFTEXT,SOFTEXT PUB CORP,,,,,,,,System.Byte[]
571,CACI PRODUCTS CO,CACI PRODUCTS CO,,,,,,,,System.Byte[]
572,EDUCATION SPECIALISTS,EDUCATION SPECIALISTS,,,,,,,,System.Byte[]
573,ARIEL,ARIEL COMMUNICATIONS,,,,,,,,System.Byte[]
574,CENTAUR,CENTAUR SYSTEMS,,,,,,,,System.Byte[]
575,MATH WARE,MATH WARE,,,,,,,,System.Byte[]
576,ROBINS,ROBINS PR,,,,,,,,System.Byte[]
577,INTELLOGIC,INTELLOGIC PR,,,,,,,,System.Byte[]
578,ZILOG,ZILOG,,,,,,,,System.Byte[]
579,CELO VALLEY,CELO VALLEY BOOKS,,,,,,,,System.Byte[]
580,AGRICULTURE & NATURAL RESOURCES,AGRICULTURE & NATURAL RESOURCES,,,,,,,,System.Byte[]
581,KING ENTERPRISES,KING ENTERPRISES,,,,,,,,System.Byte[]
582,ADAMS HALL PUB,ADAMS HALL PUB,,,,,,,,System.Byte[]
583,ICP,ICP PUB,,,,,,,,System.Byte[]
584,GENERAL INFORMATION,GENERAL INFORMATION,,,,,,,,System.Byte[]
585,DAVIS,DAVIS PUBNS,,,,,,,,System.Byte[]
586,TECHNICAL COMMUNICATIONS ASSOCS,TECHNICAL COMMUNICATIONS ASSOCS,,,,,,,,System.Byte[]
587,MUMPS,MUMPS USERS GROUP,,,,,,,,System.Byte[]
588,MECC,MECC,,,,,,,,System.Byte[]
589,ARTWORX SOFTWARE,ARTWORX SOFTWARE CO,,,,,,,,System.Byte[]
590,CMC,CMC PUBNS,,,,,,,,System.Byte[]
591,CPSR,CPSR,,,,,,,,System.Byte[]
592,THOUGHT-TOOLS,THOUGHT-TOOLS,,,,,,,,System.Byte[]
593,HENRY HOLT & CO,HENRY HOLT & CO,,,,,,,,System.Byte[]
594,COMPUTER TRAINING SERVICES,COMPUTER TRAINING SERVICES,,,,,,,,System.Byte[]
595,EGGHEAD DISCOUNT SOFTWARE,EGGHEAD DISCOUNT SOFTWARE,,,,,,,,System.Byte[]
596,HW WILSON,HW WILSON,,,,,,,,System.Byte[]
597,PINERIDGE,PINERIDGE PUBS,,,,,,,,System.Byte[]
598,PRACTISING LAW INST,PRACTISING LAW INST,,,,,,,,System.Byte[]
599,SYSTEMS EXPRESS,SYSTEMS EXPRESS,,,,,,,,System.Byte[]
600,AMER SMALL BUSINESS COMPUTER,AMER SMALL BUSINESS COMPUTER,1818 Ridge Rd.,Homewood,IL,60430,708-798-6000,,,System.Byte[]
601,HOOVER INST,HOOVER INST PR,,,,,,,,System.Byte[]
602,SOLITAIRE PUB,SOLITAIRE PUB,,,,,,,,System.Byte[]
603,ARMOND DALTON,ARMOND DALTON PUB,,,,,,,,System.Byte[]
604,IECC,IECC,,,,,,,,System.Byte[]
605,IBM,IBM CORP,,,,,,,,System.Byte[]
606,TECHNOMIC,TECHNOMIC PUB CO,,,,,,,,System.Byte[]
607,FUTURE COMMUNICATIONS SYSTEM,FUTURE COMMUNICATIONS SYSTEM,92 Summit Way,Syosset,NY,11791,516-496-7121,,,System.Byte[]
608,LANGENSCHEIDT,LANGENSCHEIDT PUB,,,,,,,,System.Byte[]
609,SYNOPSYS,SYNOPSYS,,,,,,,,System.Byte[]
610,WEKA,WEKA PUB,,,,,,,,System.Byte[]
611,NATL ASSN OF SOCIAL WORKERS,NATL ASSN OF SOCIAL WORKERS,,,,,,,,System.Byte[]
612,LOGICAL SOLUTIONS RESEARCH,LOGICAL SOLUTIONS RESEARCH,595 Blossom Rd.,Rochester,NY,14610,716-482-7700,,,System.Byte[]
613,COZZI RESEARCH,COZZI RESEARCH,,,,,,,,System.Byte[]
614,CRUISE SCIENTIFIC,CRUISE SCIENTIFIC,,,,,,,,System.Byte[]
615,WATCOM PUBNS,WATCOM PUBNS,,,,,,,,System.Byte[]
616,ABC TELETRAINING,ABC TELETRAINING,,,,,,,,System.Byte[]
617,EDUCATIONAL DESIGN,EDUCATIONAL DESIGN,,,,,,,,System.Byte[]
618,THE LEARNING WORKS,THE LEARNING WORKS,,,,,,,,System.Byte[]
619,BARRONS EDUCATIONAL SERIES,BARRONS EDUCATIONAL SERIES,,,,,,,,System.Byte[]
620,INST FOR SOCIAL RESEARCH,INST FOR SOCIAL RESEARCH,,,,,,,,System.Byte[]
621,ALGORITHMICS PR,ALGORITHMICS PR,,,,,,,,System.Byte[]
622,SPRINGER VERLAG,SPRINGER VERLAG PUB (COMPUTER BKS),,,,,,,,System.Byte[]
623,POCKET,POCKET BOOKS,,,,,,,,System.Byte[]
624,A K PETERS,A K PETERS LTD,,,,,,,,System.Byte[]
625,NATL INFORMATION STANDARDS,NATL INFORMATION STANDARDS,,,,,,,,System.Byte[]
626,OXFORD UNIV,OXFORD UNIV PR (TRADE),,,,,,,,System.Byte[]
627,DORLING-KINDERSLEY,DORLING-KINDERSLEY,,,,,,,,System.Byte[]
628,ADVANCED MICRO SUPPLIES INC,ADVANCED MICRO SUPPLIES INC,,,,,,,,System.Byte[]
629,WARNER BOOKS,WARNER BOOKS,,,,,,,,System.Byte[]
630,AMER PSYCHIATRIC PR,AMER PSYCHIATRIC PR,,,,,,,,System.Byte[]
631,OUR SUNDAY VISITOR,OUR SUNDAY VISITOR,,,,,,,,System.Byte[]
632,GOVERNMENT PRINTING OFFICE,GOVERNMENT PRINTING OFFICE,,,,,,,,System.Byte[]
633,PENGUIN,PENGUIN USA,,,,,,,,System.Byte[]
634,KING LIZARD,KING LIZARD PUBNS,,,,,,,,System.Byte[]
635,TOP OF THE MOUNTAIN,TOP OF THE MOUNTAIN PUB,,,,,,,,System.Byte[]
636,AMER SOCIETY FOR QUALITY,AMER SOCIETY FOR QUALITY,,,,,,,,System.Byte[]
637,UNIV OF TEXAS,UNIV OF TEXAS PR,,,,,,,,System.Byte[]
638,MAXIMUM,MAXIMUM PR,,,,,,,,System.Byte[]
639,OASIS,OASIS PR,,,,,,,,System.Byte[]
640,TRAFALGAR SQUARE,TRAFALGAR SQUARE,,,,,,,,System.Byte[]
641,CHILDRENS,CHILDRENS PR,,,,,,,,System.Byte[]
642,GUSTAV FISCHER,GUSTAV FISCHER,,,,,,,,System.Byte[]
643,ST MARTINS PR,ST MARTINS PR,,,,,,,,System.Byte[]
644,CAREER,CAREER PUB,,,,,,,,System.Byte[]
645,SKIDMORE-ROTH,SKIDMORE-ROTH PUB,,,,,,,,System.Byte[]
646,CLEARFIELD,CLEARFIELD CO,,,,,,,,System.Byte[]
647,NATL COUNCIL OF TEACHERS,NATL COUNCIL OF TEACHERS,,,,,,,,System.Byte[]
648,SCANDINAVIAN,SCANDINAVIAN PC SYSTEMS,,,,,,,,System.Byte[]
649,W W NORTON,W W NORTON & CO,,,,,,,,System.Byte[]
650,NATL ACADEMY,NATL ACADEMY PR,,,,,,,,System.Byte[]
651,UNIV OF CALIFORNIA,UNIV OF CALIFORNIA PR,,,,,,,,System.Byte[]
652,MARANGRAPHICS,MARANGRAPHICS,,,,,,,,System.Byte[]
653,YALE,YALE UNIV PR,,,,,,,,System.Byte[]
654,NATL AUDIOVISUAL CTR,NATL AUDIOVISUAL CTR,,,,,,,,System.Byte[]
655,FOX,FOX SOFTWARE,,,,,,,,System.Byte[]
656,COSMIC,COSMIC UNIV OF GEORGIA,,,,,,,,System.Byte[]
657,GOLDSTEIN & BLAIR,GOLDSTEIN & BLAIR,,,,,,,,System.Byte[]
658,BRIDGE,BRIDGE LEARNING SYSTEMS,,,,,,,,System.Byte[]
659,COMPUTER LITERACY,COMPUTER LITERACY PR,,,,,,,,System.Byte[]
660,ROUTLEDGE,ROUTLEDGE,,,,,,,,System.Byte[]
661,ASPEN LAW & BUSINESS,ASPEN LAW & BUSINESS,1818 Ridge Rd.,Homewood,IL,60430,708-798-6000,,,System.Byte[]
662,BUSINESS ONE IRWIN,BUSINESS ONE IRWIN,4 Gentry St.,Baldwinsville,NY,13027,315-638-0175,,,System.Byte[]
663,EASTERN COMPUTING LABORATORY,EASTERN COMPUTING LABORATORY,,,,,,,,System.Byte[]
664,CRITICAL THINKING,CRITICAL THINKING PR,,,,,,,,System.Byte[]
665,EDITORIAL ENTERPRISES,EDITORIAL ENTERPRISES,,,,,,,,System.Byte[]
666,GREGORY,GREGORY PUB CO,,,,,,,,System.Byte[]
667,FINNEY LEARNING SYSTEM,FINNEY LEARNING SYSTEM,,,,,,,,System.Byte[]
668,TACTICAL TECHNOLOGIES,TACTICAL TECHNOLOGIES,,,,,,,,System.Byte[]
669,RESOLUTION BUSINESS,RESOLUTION BUSINESS PR,1818 Ridge Rd.,Homewood,IL,60430,708-798-6000,,,System.Byte[]
670,MEDIA MAGIC,MEDIA MAGIC,,,,,,,,System.Byte[]
671,UTILITY DATA INST,UTILITY DATA INST,,,,,,,,System.Byte[]
672,COMPUTER INFORMATION TECHNICAL,COMPUTER INFORMATION TECHNICAL,,,,,,,,System.Byte[]
673,UNIV OF CALGARY,UNIV OF CALGARY,,,,,,,,System.Byte[]
674,CHANIMAR ACE,CHANIMAR ACE,,,,,,,,System.Byte[]
675,QUARK PRODUCTIONS,QUARK PRODUCTIONS,,,,,,,,System.Byte[]
676,HARPERCOLLINS INTERACTIVE,HARPERCOLLINS INTERACTIVE,,,,,,,,System.Byte[]
677,INFOTAINMENT WORLD,INFOTAINMENT WORLD BOOKS,,,,,,,,System.Byte[]
678,ZELOS,ZELOS,,,,,,,,System.Byte[]
679,SOCIETY FOR COMPUTER,SOCIETY FOR COMPUTER,,,,,,,,System.Byte[]
680,LOVEJOY,LOVEJOY,,,,,,,,System.Byte[]
681,MICROSCOPE,MICROSCOPE PUBNS LTD,,,,,,,,System.Byte[]
682,WORDCRAFT,WORDCRAFT,,,,,,,,System.Byte[]
683,JIST WORKS,JIST WORKS,,,,,,,,System.Byte[]
684,WORDCRAFT OF OREGON,WORDCRAFT OF OREGON,,,,,,,,System.Byte[]
685,BRODERBUND,BRODERBUND SOFTWARE,,,,,,,,System.Byte[]
686,BARRONS EDUCATIONAL AUDIO,BARRONS EDUCATIONAL AUDIO,,,,,,,,System.Byte[]
687,LITURGY TRAINING,LITURGY TRAINING PUBNS,,,,,,,,System.Byte[]
688,CONARI,CONARI PR,,,,,,,,System.Byte[]
689,DESCRIBE,DESCRIBE INC,,,,,,,,System.Byte[]
690,AMER FINANCIAL DIRECTORIES,AMER FINANCIAL DIRECTORIES,,,,,,,,System.Byte[]
691,APPLEWOOD,APPLEWOOD BOOKS,,,,,,,,System.Byte[]
692,PRIME TIME FREEWARE,PRIME TIME FREEWARE,,,,,,,,System.Byte[]
693,QUORUM,QUORUM BOOKS,,,,,,,,System.Byte[]
694,TOMMY SOFTWARE,TOMMY SOFTWARE,,,,,,,,System.Byte[]
695,NOLO,NOLO PR,,,,,,,,System.Byte[]
696,CALIFORNIA SCIENTIFIC SOFTWARE,CALIFORNIA SCIENTIFIC SOFTWARE,,,,,,,,System.Byte[]
697,MANUFACTURERS NEWS,MANUFACTURERS NEWS,P.O. Box 90, 11711 N. College Ave.,Carmel,IN,46032,,,,System.Byte[]
698,NATL LEAGUE FOR NURSING,NATL LEAGUE FOR NURSING,,,,,,,,System.Byte[]
699,FALMER PR,FALMER PR (TAYLOR&FRANCIS),,,,,,,,System.Byte[]
700,FREE SOFTWARE FOUNDATION,FREE SOFTWARE FOUNDATION,,,,,,,,System.Byte[]
701,INST OF INTERNAL AUDITORS,INST OF INTERNAL AUDITORS,,,,,,,,System.Byte[]
702,STANFORD UNIV CENTER FOR THE STUDY,STANFORD UNIV CENTER FOR THE STUDY,,,,,,,,System.Byte[]
703,RAWHIDE,RAWHIDE PR,,,,,,,,System.Byte[]
704,PUTNAM PUB GROUP,PUTNAM PUB GROUP JUV,,,,,,,,System.Byte[]
705,GOVE PUB,GOVE PUB CO,,,,,,,,System.Byte[]
706,PETERSONS GUIDES,PETERSONS GUIDES,,,,,,,,System.Byte[]
707,AVEBURY,AVEBURY,,,,,,,,System.Byte[]
708,AFH SOFTECH,AFH SOFTECH,,,,,,,,System.Byte[]
709,THE COLLEGE BOARD,THE COLLEGE BOARD,,,,,,,,System.Byte[]
710,Addison-Wesley,Addison-Wesley Publishing Co Inc.,Rte 128,Reading,MA,01867,617-944-3700,617-964-9460,,System.Byte[]
711,Bantam,Bantam Books Div of: Bantam Doubleday Dell Publishing Group Inc.,666 Fifth Ave,New York,NY,10103,800-223-6834,212-765-3869 ,GENERAL TRADE BOOKS - HARDCOVER JUVENILE AND YOUNG ADULT BOOKS PAPERBACK BOOKS - MASS MARKET PAPERBACK BOOKS - TRADE FILM, VIDEO 
NAVAL, MARITIME,System.Byte[]
712,Benjamin/Cummings,Benjamin-Cummings Publishing Company Subs. of Addison-Wesley Publishing Co.,390 Bridge Pkwy.,Redwood City,CA,94065,800-950-2665,415-594-4409,,System.Byte[]
713,Intertext,Intertext Publications/Multiscience Press,2633 E. 17th Ave.,Anchorage,AK,99508,,,,System.Byte[]
714,McGraw-Hill,McGraw-Hill Inc,1221 Ave of the Americas,New York,NY,10020,212-512-2000,,DICTIONARIES, ENCYCLOPEDIAS GENERAL TRADE BOOKS - HARDCOVER PAPERBACK BOOKS - TRADE 
DIRECTORIES, REFERENCE BOOKS 
TEXTBOOKS - ELEMENTARY 
TEXTBOOKS - SECONDARY 
MICROCOMPUTER SOFTWARE 
PERIODICALS 
PROFESSIONAL BOOKS 
AV MATERIALS 
DATABASES 
AUDIO CASSETTES 
FOREIGN LANGUAGE AND BILINGUAL BOOKS 
TEXTBOOKS - COLLEGE 
VIDEO CASSETTES 
EDUCATION 
NONFICTION (GENERAL) 
BUSINESS 
LAW, LEGISLATION 
MEDICINE, NURSING, DENTISTRY,System.Byte[]
715,Prentice Hall,Prentice Hall Div. of Simon & Schuster, Inc.,15 Columbus Cir.,New York,NY,10023,800-922-0579,,,System.Byte[]
716,Prentice Hall,Prentice Hall International, Incorporated,Rte. 9W,Englewood Cliffs,NJ,07632,201-592-2000,,,System.Byte[]
717,SRA,Science Research Associates,155 N. Wacker Dr.,Chicago,IL,60606,800-621-0476,312-984-7162,,System.Byte[]
718,Yourdon,Yourdon Press (Imprint of Prentice Hall),15 Columbus Cir.,New York,NY,10023,212-373-8500,,,System.Byte[]
719,Microtrend,Microtrend Books,165 Vallecitos de Oros,San Marcos,CA  ,92069-1436,619-744-2299,,,System.Byte[]
720,McGraw-Hill,Osborne/McGraw-Hill Div. of McGraw-Hill, Inc,1221 Ave of the Americas,New York,NY,10020,800-227-0900,,DICTIONARIES, ENCYCLOPEDIAS GENERAL TRADE BOOKS - HARDCOVER PAPERBACK BOOKS - TRADE 
DIRECTORIES, REFERENCE BOOKS 
TEXTBOOKS - ELEMENTARY 
TEXTBOOKS - SECONDARY 
MICROCOMPUTER SOFTWARE 
PERIODICALS 
PROFESSIONAL BOOKS 
AV MATERIALS 
DATABASES 
AUDIO CASSETTES 
FOREIGN LANGUAGE AND BILINGUAL BOOKS 
TEXTBOOKS - COLLEGE 
VIDEO CASSETTES 
EDUCATION 
NONFICTION (GENERAL) 
BUSINESS 
LAW, LEGISLATION 
MEDICINE, NURSING, DENTISTRY,System.Byte[]
721,Sams,Sams Publications,11711 N. College Ave., Ste 140,Carmel,IN,46032,,,,System.Byte[]
722,SYBEX,SYBEX Inc,2021 Challenger Dr,Alameda,CA,94501,800-227-2346,415-523-2373,PAPERBACK BOOKS - TRADE DIRECTORIES, REFERENCE BOOKS MICROCOMPUTERS COMPUTER SCIENCE, DATA PROCESSING,System.Byte[]
723,McGraw-Hill,TAB Professional and Reference Books Div. of McGraw-Hill, Inc.,1221 Ave of the Americas,New York,NY,10020,800-822-8138,,,System.Byte[]
724,Windcrest,Windcrest Books (Imprint of TAB Bks.),P.O. Box 40,Blue Ridge Summit,PA,17294-0850,717-794-2191,,,System.Byte[]
725,Wordware,Wordware Pub.,1506 Capital Ave., Suite 101,Plano,TX,75074,,,,System.Byte[]
726,Irwin,Irwin Pr.  (for Richard D. Irwin, Inc., see Business One Irwin),4 Gentry St.,Baldwinsville,NY,13027,315-638-0175,,,System.Byte[]
727,Beta V,Beta V,16212 NE 113th Ct.,Redmond,WA,98052-2773,206-556-9205,206-556-9205,,System.Byte[]
